{
  "$schema": "http://json-schema.org/draft-07/schema#",
  "title": "Pharmacovigilance Case Intake Schema",
  "description": "JSON schema for case intake in Pharmacovigilance system",
  "type": "object",
  "properties": {
    "caseId": {
      "type": "string",
      "description": "Unique identifier for the case"
    },
    "caseStatus": {
      "type": "string",
      "enum": ["New", "Under Review", "Approved", "Rejected", "Closed"],
      "description": "Current status of the case"
    },
    "dateOfIntake": {
      "type": "string",
      "format": "date-time",
      "description": "Date and time when the case was intake"
    },
    "sourceDocument": {
      "type": "object",
      "properties": {
        "sourceType": {
          "type": "string",
          "enum": ["Email", "PDF", "Literature", "Other"],
          "description": "Type of source document"
        },
        "sourceFileName": {
          "type": "string",
          "description": "Name of the source document"
        },
        "extractionMethod": {
          "type": "string",
          "enum": ["Manual", "OCR", "NLP", "Hybrid"],
          "description": "Method used to extract data"
        }
      },
      "required": ["sourceType"]
    },
    "patientInformation": {
      "type": "object",
      "properties": {
        "patientId": {
          "type": "string",
          "description": "Patient identifier (anonymized if required)"
        },
        "age": {
          "type": "integer",
          "minimum": 0,
          "maximum": 150,
          "description": "Patient age in years"
        },
        "gender": {
          "type": "string",
          "enum": ["Male", "Female", "Other", "Unknown"],
          "description": "Patient gender"
        },
        "weight": {
          "type": "number",
          "description": "Patient weight in kg"
        },
        "medicalHistory": {
          "type": "array",
          "items": {
            "type": "string"
          },
          "description": "List of relevant medical conditions"
        }
      }
    },
    "adverseEvent": {
      "type": "object",
      "properties": {
        "eventName": {
          "type": "string",
          "description": "Name/description of the adverse event"
        },
        "eventDate": {
          "type": "string",
          "format": "date",
          "description": "Date when the adverse event occurred"
        },
        "severity": {
          "type": "string",
          "enum": ["Mild", "Moderate", "Severe", "Life-threatening", "Fatal"],
          "description": "Severity level of the adverse event"
        },
        "seriousness": {
          "type": "string",
          "enum": ["Serious", "Non-serious"],
          "description": "Whether the event is serious"
        },
        "outcome": {
          "type": "string",
          "enum": ["Recovered", "Recovering", "Not recovered", "Fatal", "Unknown"],
          "description": "Outcome of the adverse event"
        },
        "description": {
          "type": "string",
          "description": "Detailed description of the adverse event"
        }
      },
      "required": ["eventName", "severity"]
    },
    "medication": {
      "type": "object",
      "properties": {
        "medicationName": {
          "type": "string",
          "description": "Name of the medication"
        },
        "activeIngredient": {
          "type": "string",
          "description": "Active ingredient of the medication"
        },
        "dosage": {
          "type": "string",
          "description": "Dosage and unit (e.g., 500mg)"
        },
        "frequency": {
          "type": "string",
          "description": "Frequency of administration"
        },
        "route": {
          "type": "string",
          "enum": ["Oral", "Intravenous", "Intramuscular", "Topical", "Other"],
          "description": "Route of administration"
        },
        "startDate": {
          "type": "string",
          "format": "date",
          "description": "Date medication started"
        },
        "endDate": {
          "type": "string",
          "format": "date",
          "description": "Date medication ended"
        },
        "batchNumber": {
          "type": "string",
          "description": "Batch/lot number of the medication"
        },
        "indication": {
          "type": "string",
          "description": "Medical indication for the medication"
        }
      },
      "required": ["medicationName", "dosage"]
    },
    "concomitantMedications": {
      "type": "array",
      "items": {
        "type": "object",
        "properties": {
          "medicationName": {
            "type": "string"
          },
          "dosage": {
            "type": "string"
          }
        }
      },
      "description": "Other medications taken concurrently"
    },
    "reporterInformation": {
      "type": "object",
      "properties": {
        "reporterName": {
          "type": "string",
          "description": "Name of the person reporting the case"
        },
        "reporterRole": {
          "type": "string",
          "enum": ["Physician", "Nurse", "Patient", "Pharmacist", "Other"],
          "description": "Role of the reporter"
        },
        "reporterContact": {
          "type": "string",
          "description": "Contact information for the reporter"
        }
      }
    },
    "narrativeSummary": {
      "type": "string",
      "description": "Comprehensive narrative summary of the case"
    },
    "assessments": {
      "type": "object",
      "properties": {
        "causality": {
          "type": "string",
          "enum": ["Certain", "Probable", "Possible", "Unlikely", "Unrelated", "Unknown"],
          "description": "Assessment of causality between medication and event"
        },
        "relatedness": {
          "type": "string",
          "description": "Relatedness assessment score"
        },
        "preventability": {
          "type": "string",
          "enum": ["Preventable", "Not preventable", "Unknown"],
          "description": "Whether the event was preventable"
        }
      }
    },
    "followUpActions": {
      "type": "array",
      "items": {
        "type": "object",
        "properties": {
          "actionType": {
            "type": "string",
            "description": "Type of follow-up action"
          },
          "actionDescription": {
            "type": "string",
            "description": "Description of the action"
          },
          "dueDate": {
            "type": "string",
            "format": "date",
            "description": "Due date for the action"
          },
          "assignedTo": {
            "type": "string",
            "description": "Person assigned to this action"
          },
          "status": {
            "type": "string",
            "enum": ["Pending", "In Progress", "Completed", "Overdue"],
            "description": "Status of the follow-up action"
          }
        }
      },
      "description": "List of follow-up actions required"
    },
    "attachments": {
      "type": "array",
      "items": {
        "type": "object",
        "properties": {
          "fileName": {
            "type": "string"
          },
          "fileType": {
            "type": "string"
          },
          "fileUrl": {
            "type": "string"
          }
        }
      },
      "description": "Supporting documents/attachments"
    },
    "metadata": {
      "type": "object",
      "properties": {
        "createdBy": {
          "type": "string",
          "description": "User who created the case"
        },
        "createdAt": {
          "type": "string",
          "format": "date-time"
        },
        "lastModifiedBy": {
          "type": "string"
        },
        "lastModifiedAt": {
          "type": "string",
          "format": "date-time"
        },
        "version": {
          "type": "integer",
          "description": "Version number of the case"
        }
      }
    }
  },
  "required": ["caseStatus", "adverseEvent", "medication", "patientInformation"]
}
