[
  {
    "caseId": "7682ced7-fe93-4f6b-a605-6d3ed581e52f",
    "caseStatus": "New",
    "dateOfIntake": "2025-12-11T09:08:07.6184324Z",
    "sourceDocument": {
      "sourceType": "Literature",
      "sourceFileName": "adverse_event_report.txt",
      "extractionMethod": "NLP"
    },
    "patientInformation": {
      "patientId": "PAT-2025-001",
      "age": 52,
      "gender": "Female",
      "weight": 68,
      "medicalHistory": []
    },
    "adverseEvent": {
      "eventName": "Severe Persistent Dry Cough",
      "severity": "Moderate",
      "seriousness": "Serious",
      "description": "Patient developed severe, persistent dry cough 5 days after starting Lisinopril. Cough persists despite medication discontinuation. Patient reports difficulty sleeping and throat irritation. No fever or respiratory distress observed.\r\n\r\nCAUSALITY ASSESSMENT\r\n--------------------"
    },
    "medication": {
      "medicationName": "Lisinopril",
      "dosage": "10mg",
      "frequency": "Once daily",
      "batchNumber": "BATCH-20251101-002",
      "indication": "Hypertension Management"
    },
    "concomitantMedications": [],
    "reporterInformation": {
      "reporterName": "Dr. James Mitchell",
      "reporterRole": "Physician",
      "reporterContact": "j.mitchell@medicalcenter.com"
    },
    "narrativeSummary": "A 52-year-old female patient with history of hypertension and type 2 diabetes was started on Lisinopril 10mg daily on November 15, 2025. On November 20, 2025, the patient developed a severe, persistent dry cough. This is a known side effect of ACE inhibitors and correlates temporally with medication initiation. The cough has persisted for 5 days and significantly impacts the patient\u0027s quality of life. The medication was discontinued on December 9, 2025. Patient is recovering but still experiencing residual symptoms. No other causative agents identified.\r\n\r\nFOLLOW-UP ACTIONS\r\n-----------------",
    "assessments": {
      "causality": "Probable",
      "relatedness": "High (ACE inhibitor dry cough is known side effect)",
      "preventability": "Not preventable"
    },
    "followUpActions": [
      {
        "actionType": "Pulmonology Consultation",
        "status": "Pending"
      },
      {
        "actionType": "Alternative Medication Trial",
        "status": "Pending"
      },
      {
        "actionType": "Follow-up Call",
        "status": "Pending"
      }
    ],
    "attachments": [],
    "metadata": {
      "createdBy": "Document Processor",
      "createdAt": "2025-12-11T09:08:07.6184089Z",
      "version": 1
    }
  }
]