[
  {
    "caseId": "9228d079-830a-4676-836e-bb18db5d10d3",
    "caseStatus": "New",
    "dateOfIntake": "2025-12-11T09:12:02.6816905Z",
    "sourceDocument": {
      "sourceType": "Email",
      "sourceFileName": "adverse_event_email.eml",
      "extractionMethod": "NLP"
    },
    "patientInformation": {
      "patientId": "PAT-2025-005",
      "age": 67,
      "gender": "Male",
      "weight": 82.5,
      "medicalHistory": []
    },
    "adverseEvent": {
      "eventName": "Severe Bleeding Episode",
      "severity": "Severe",
      "seriousness": "Serious",
      "description": "Patient presented to ED with severe epistaxis (nosebleed) and hematuria. INR was 8.2 (therapeutic range 2-3). Patient received fresh frozen plasma and vitamin K. Bleeding controlled after 4 hours. No surgery needed.\r\n\r\nCONCOMITANT MEDICATIONS\r\n1. Aspirin 81mg - Daily\r\n2. Simvastatin 20mg - Evening\r\n3. Lisinopril 10mg - Daily\r\n\r\nREPORTER INFORMATION"
    },
    "medication": {
      "medicationName": "Warfarin",
      "dosage": "5mg",
      "frequency": "Once daily",
      "batchNumber": "BATCH-20251125-089",
      "indication": "Atrial Fibrillation"
    },
    "concomitantMedications": [],
    "reporterInformation": {
      "reporterName": "sarah@hospital.com",
      "reporterRole": "Cardiologist",
      "reporterContact": "dr.sarah@hospital.com"
    },
    "narrativeSummary": "67-year-old male on Warfarin for atrial fibrillation presented with severe bleeding (epistaxis and hematuria). INR was supratherapeutic at 8.2. Likely drug interaction with concurrent medications or patient non-compliance. Patient has recovered after reversal with FFP and vitamin K.\r\n\r\nFOLLOW-UP ACTIONS",
    "assessments": {
      "causality": "Probable",
      "relatedness": "Very High (Over-anticoagulation with Warfarin)",
      "preventability": "Preventable (with closer INR monitoring)"
    },
    "followUpActions": [
      {
        "actionType": "INR Monitoring",
        "status": "Pending"
      },
      {
        "actionType": "Drug Interaction Review",
        "status": "Pending"
      },
      {
        "actionType": "Patient Education Session",
        "status": "Pending"
      }
    ],
    "attachments": [],
    "metadata": {
      "createdBy": "Document Processor",
      "createdAt": "2025-12-11T09:12:02.6816567Z",
      "version": 1
    }
  },
  {
    "caseId": "7243e2ee-3fe7-4425-8d20-2ddfd5fbda49",
    "caseStatus": "New",
    "dateOfIntake": "2025-12-11T09:12:02.6872938Z",
    "sourceDocument": {
      "sourceType": "Literature",
      "sourceFileName": "adverse_event_report.txt",
      "extractionMethod": "NLP"
    },
    "patientInformation": {
      "patientId": "PAT-2025-001",
      "age": 52,
      "gender": "Female",
      "weight": 68,
      "medicalHistory": []
    },
    "adverseEvent": {
      "eventName": "Severe Persistent Dry Cough",
      "severity": "Moderate",
      "seriousness": "Serious",
      "description": "Patient developed severe, persistent dry cough 5 days after starting Lisinopril. Cough persists despite medication discontinuation. Patient reports difficulty sleeping and throat irritation. No fever or respiratory distress observed.\r\n\r\nCAUSALITY ASSESSMENT\r\n--------------------"
    },
    "medication": {
      "medicationName": "Lisinopril",
      "dosage": "10mg",
      "frequency": "Once daily",
      "batchNumber": "BATCH-20251101-002",
      "indication": "Hypertension Management"
    },
    "concomitantMedications": [],
    "reporterInformation": {
      "reporterName": "Dr. James Mitchell",
      "reporterRole": "Physician",
      "reporterContact": "j.mitchell@medicalcenter.com"
    },
    "narrativeSummary": "A 52-year-old female patient with history of hypertension and type 2 diabetes was started on Lisinopril 10mg daily on November 15, 2025. On November 20, 2025, the patient developed a severe, persistent dry cough. This is a known side effect of ACE inhibitors and correlates temporally with medication initiation. The cough has persisted for 5 days and significantly impacts the patient\u0027s quality of life. The medication was discontinued on December 9, 2025. Patient is recovering but still experiencing residual symptoms. No other causative agents identified.\r\n\r\nFOLLOW-UP ACTIONS\r\n-----------------",
    "assessments": {
      "causality": "Probable",
      "relatedness": "High (ACE inhibitor dry cough is known side effect)",
      "preventability": "Not preventable"
    },
    "followUpActions": [
      {
        "actionType": "Pulmonology Consultation",
        "status": "Pending"
      },
      {
        "actionType": "Alternative Medication Trial",
        "status": "Pending"
      },
      {
        "actionType": "Follow-up Call",
        "status": "Pending"
      }
    ],
    "attachments": [],
    "metadata": {
      "createdBy": "Document Processor",
      "createdAt": "2025-12-11T09:12:02.6872867Z",
      "version": 1
    }
  }
]